Question,Option A,Option B,Option C,Option D,Answer
What is the full meaning of PHF,pure heart islamic foundation,pure heart islamic forum,pure heart islamic firm,pure heart islam foundation,a
Who is the present state coordinator of PHF Ogun State Chapter,daud leshi,oduwole abdullah,ismail olabode,daud lawal,b
What is the full meaning of PASS,pure heart annual sister society,pure annual sisters' summit,pure heart annual sister summit,pure heart annual sister cirle,b
who is PHF Ogun state chapter past coordinator,daud lawal,abdullahi oduwole,sulaimon showami,daud leshi,d
PAAC means,pure heart annual accountability conference ,pure heart annaul accountability community,pure heart annual accountant collection,pure heart average accountant conference,a
PHF Ijebu local branch coordinator is?,showami sulaimon,abdullahi oduwole,daud lawal,abdul-hakeem shoyombo,b
PMC means,pure heart model camp,pure heart mode camp,pure heart modeling camp,pure heart modeling conference ,c
PASS is a ,female progarm,male program,children program,both gender program,a
PHF egba local branch coordinator is?,abdullahi oduwole,daud lawal,showami sulaimon,abdul-hakeem shoyombo,c
Ogun State Chapter PASS do comes up in which months?,november,january,october,december,c
PHF Remo local branch coordinator is?,abdullahi oduwole,daud lawal,showami sulaimon,abdul-hakeem shoyombo,d
PMC comes up how many times in a year,1,2,3,4,b
PMC comes up in which months,november/december,april / december,april / november,october / novemver,b
who is the current PHF Ogun State assistant coordinator three (female coordinator),zaynab popoola,haleemah sanusi,shakirah oniyide ,rophia yusuf,a
2021 December PMC venue was?,Vanguard Academy,remo secondary school,remo divison ,muslim girls,a
